state_rank,uf_sigla,regiao_nome,state_strategy_tier,recommended_state_action,state_opportunity_score,population_weighted_phase2_score,population_weighted_need,population_weighted_spatial_mismatch,population_weighted_feasibility,population_weighted_digital_readiness,municipalities,population,scored_municipalities,scored_municipality_share_pct,top100_municipalities,top500_municipalities,top100_per_million_population,national_priority_high_readiness_count,regional_scale_opportunity_count,pharmacy_assisted_pilot_count,pharmacy_assisted_geodesic_candidate_count,high_need_digital_inclusion_first_count,national_priority_inclusion_first_count,monitor_or_low_priority_count,insufficient_evidence_count,digital_inclusion_first_count
1,SP,Sudeste,hybrid_national_and_pharmacy_pilot,Combinar teste digital estadual com validação local dos pilotos farmácia.,79.27379775620555,58.05695651612109,74.50383490486989,59.74767501551993,54.68778180578089,90.53095994589188,645,44412495,632,97.98449612403101,47,178,1.058260743964058,47,130,1,0,0,0,454,13,0
2,DF,Centro-Oeste,selective_city_ads,"Testar mídia apenas nos municípios líderes, sem extrapolar para todo o estado.",59.5851168694355,82.65655810667035,90.55342071292888,85.69045646046595,67.16786914970346,94.94058668655556,1,2817381,1,100.0,1,1,0.3549395697635499,1,0,0,0,0,0,0,0,0
3,RJ,Sudeste,hybrid_national_and_pharmacy_pilot,Combinar teste digital estadual com validação local dos pilotos farmácia.,53.50515238825753,59.887738854029436,74.11606751486778,63.05339048313635,54.4527268057606,79.83046633663778,92,16067362,92,100.0,7,29,0.4356657925551189,7,20,2,1,0,0,62,0,0
4,RS,Sul,hybrid_national_and_pharmacy_pilot,Combinar teste digital estadual com validação local dos pilotos farmácia.,44.31368511295212,44.65269504499969,44.81498779550097,64.70508795731583,67.0774598606095,78.56290383121545,497,10886834,465,93.56136820925553,13,66,1.1941028952953632,13,51,1,1,0,0,399,32,0
5,GO,Centro-Oeste,national_ads_priority,Priorizar geoexperimento digital em municípios Top 100 e medir funil por UF.,44.028444982931035,50.92709316813064,55.29980761258014,59.354893428159244,68.01037174178911,74.34509677175761,246,7056652,230,93.4959349593496,7,24,0.9919718302673847,7,17,0,0,0,0,206,16,0
6,PR,Sul,national_ads_priority,Priorizar geoexperimento digital em municípios Top 100 e medir funil por UF.,40.785852431654746,42.81470915460855,44.8606141519818,65.22708541563874,66.20919958773375,80.29806395939218,399,11440387,382,95.73934837092732,7,44,0.6118674132264932,7,37,0,0,0,0,338,17,0
7,MG,Sudeste,national_ads_priority,Priorizar geoexperimento digital em municípios Top 100 e medir funil por UF.,38.050899946401685,34.26350068528976,33.685220797641065,58.48489781660381,64.8132895486985,72.01784752057887,853,20540547,823,96.48300117233295,10,55,0.4868419521641756,10,45,0,0,0,0,768,30,0
8,MT,Centro-Oeste,regional_experiment,Usar como lista ampliada ou experimento regional controlado.,34.06018177788425,41.23639699144956,48.83063454397601,53.05662345250695,38.22395916558508,69.91182083600836,142,3658554,111,78.16901408450704,0,15,0.0,0,15,0,0,0,0,96,31,0
9,MS,Centro-Oeste,selective_city_ads,"Testar mídia apenas nos municípios líderes, sem extrapolar para todo o estado.",33.20716961456999,40.68525974029193,44.05694994791821,62.905090476888475,44.550028211002044,71.32250333239075,79,2757543,72,91.13924050632912,1,7,0.36264167050160234,1,6,0,0,0,0,65,7,0
10,AM,Norte,digital_inclusion_first,Desenhar oferta assistida ou de baixo consumo antes de campanha digital ampla.,31.9832828673125,36.734361455948005,56.21261895327425,38.96831704416256,9.424721403171885,49.033197508126456,62,3945100,21,33.87096774193548,0,1,0.0,0,1,0,0,1,0,19,41,1
11,ES,Sudeste,selective_city_ads,"Testar mídia apenas nos municípios líderes, sem extrapolar para todo o estado.",31.577200538137202,35.237905438008525,37.24263768335215,60.46666876517206,66.06418692189818,72.60961523535522,78,3835444,78,100.0,3,7,0.7821780216319154,3,4,0,0,0,0,71,0,0
12,PE,Nordeste,regional_experiment,Usar como lista ampliada ou experimento regional controlado.,29.13648801927793,31.32688941933666,39.3666744427191,57.6291037141293,30.595750998311416,57.81993997105597,185,9060598,177,95.67567567567568,0,10,0.0,0,10,0,0,0,0,167,8,0
13,PA,Norte,digital_inclusion_first,Desenhar oferta assistida ou de baixo consumo antes de campanha digital ampla.,28.034258294786,30.124204868346247,44.17885711740108,49.56290895111311,16.870766948721712,43.78467503021641,144,8122539,102,70.83333333333333,0,8,0.0,0,8,0,0,1,0,93,42,1
14,RN,Nordeste,selective_city_ads,"Testar mídia apenas nos municípios líderes, sem extrapolar para todo o estado.",27.384939051845237,30.66649450556091,32.023655891132414,63.4129204399272,51.336959519881866,69.8800548278448,167,3302783,154,92.21556886227545,1,5,0.3027749628116652,1,4,0,0,0,0,149,13,0
15,RO,Norte,monitor,Manter em monitoramento até nova evidência ou atualização de dados.,26.583099215280214,26.062997638584655,45.060724503843474,34.64063423439711,39.01654309718568,65.62042578324281,52,1581196,47,90.38461538461539,0,4,0.0,0,4,0,0,0,0,43,5,0
16,SC,Sul,selective_city_ads,"Testar mídia apenas nos municípios líderes, sem extrapolar para todo o estado.",26.073189280050812,23.510912565646432,23.109800317274342,55.31519444477069,67.49683421396963,85.50974371591066,295,7610361,279,94.57627118644068,1,20,0.13139981138871074,1,19,0,0,0,0,259,16,0
17,BA,Nordeste,regional_experiment,Usar como lista ampliada ou experimento regional controlado.,25.89386904714181,24.966429668138495,33.183825957148684,49.59560245550813,28.624062236196757,48.757583474557705,417,14142947,368,88.24940047961631,0,14,0.0,0,14,0,0,0,0,354,49,0
18,CE,Nordeste,monitor,Manter em monitoramento até nova evidência ou atualização de dados.,24.62078018857908,23.06988374963628,29.647401551768297,60.553324580165146,30.79163358054182,61.667012516305995,184,8795335,178,96.73913043478261,0,2,0.0,0,2,0,0,0,0,176,6,0
19,AL,Nordeste,selective_city_ads,"Testar mídia apenas nos municípios líderes, sem extrapolar para todo o estado.",22.317441816544118,23.2877318643947,28.48893353605315,53.557337047604236,30.26157547248095,52.8329156798895,102,3127683,94,92.15686274509804,1,1,0.31972549647774406,1,0,0,0,0,0,93,8,0
20,SE,Nordeste,data_quality_first,Complementar dados antes de recomendar investimento territorial.,20.848759204922708,22.141624121701245,24.497349179143516,66.35119876435701,29.743953381688932,59.68970831434001,75,2210075,57,76.0,0,2,0.0,0,2,0,0,0,0,55,18,0
21,AC,Norte,data_quality_first,Complementar dados antes de recomendar investimento territorial.,20.684154087503348,24.02077255422602,34.207089679745906,31.36906194887494,10.751174819813262,40.683944461200504,22,830018,10,45.45454545454545,0,0,0.0,0,0,0,0,0,0,10,12,0
22,MA,Nordeste,selective_city_ads,"Testar mídia apenas nos municípios líderes, sem extrapolar para todo o estado.",20.559282205547408,20.792048268305937,23.403311985245278,46.16578841643651,19.96163443053998,41.629140692004334,217,6777933,153,70.50691244239631,1,4,0.1475376047535436,1,3,0,0,0,0,149,64,0
23,PB,Nordeste,data_quality_first,Complementar dados antes de recomendar investimento territorial.,18.146778310989166,16.015382589084044,18.099133341592648,50.984809325076974,45.38460871763835,59.298499457909884,223,3975085,212,95.06726457399103,0,2,0.0,0,2,0,0,0,0,210,11,0
24,TO,Norte,data_quality_first,Complementar dados antes de recomendar investimento territorial.,15.155679711555749,15.141905042816852,11.958813028481423,41.60013745327976,34.54795549376165,56.20958110112272,139,1509015,82,58.992805755395686,0,1,0.0,0,1,0,0,0,0,81,57,0
25,AP,Norte,data_quality_first,Complementar dados antes de recomendar investimento territorial.,11.92496108840095,6.452913645024836,8.577509178494015,76.03352867711702,18.343137626725316,66.65581388555759,16,733759,5,31.25,0,0,0.0,0,0,0,0,0,0,5,11,0
26,PI,Nordeste,data_quality_first,Complementar dados antes de recomendar investimento territorial.,8.27625098166763,1.6539784704685445,3.0771907259190288,52.55737637466213,27.417046223123172,43.67913228793296,224,3271351,156,69.64285714285714,0,0,0.0,0,0,0,0,0,0,156,68,0
27,RR,Norte,data_quality_first,Complementar dados antes de recomendar investimento territorial.,6.549578510680629,0.0,0.0,12.808390287013781,28.238516059244663,53.52239241045284,15,636707,7,46.666666666666664,0,0,0.0,0,0,0,0,0,0,7,8,0
