uf_sigla,uf_nome,regiao_nome,municipalities,ubs_records,valid_coordinate_records,aps_populacao,qt_esf,qt_eap_20hs,qt_eap_30hs,qt_ecr,qt_cadastro_ecr,qt_eapp_20hs,qt_cadastro_eapp_20hs,qt_eapp_30hs,qt_cadastro_eapp_30hs,qt_esfr,qt_cadastro_esfr,qt_cadastros_ecr_eapp,aps_capacidade_equipe,cobertura_aps_media_pct,cobertura_aps_capped_media_pct,coverage_gap_media_pct,nominal_capacity_excess_media_pct,aps_priority_score,cobertura_aps_ponderada_pct,cobertura_aps_ponderada_capped_pct
AC,Acre,Norte,22,284,280,884372.0,253.0,2.0,30.0,2.0,583.0,7.0,2139.0,1.0,1196.0,17.0,36572.0,40490.0,1008240.0,135.08136363636365,98.295,1.7050000000000003,36.78636363636363,45.40267054685653,114.00632313099013,94.35124585581632
AL,Alagoas,Nordeste,102,1001,967,3220848.0,1080.0,38.0,15.0,9.0,4191.0,10.0,3679.0,0.0,0.0,0.0,0.0,7870.0,3893745.0,162.16549019607845,99.63588235294118,0.3641176470588235,62.52960784313725,36.26042525311145,120.89192038866784,88.52724499883261
AM,Amazonas,Norte,59,706,697,4254225.0,971.0,93.0,29.0,10.0,1865.0,10.0,9555.0,1.0,2507.0,127.0,262992.0,276919.0,3914294.0,135.71033898305083,96.54169491525424,3.4583050847457626,39.16864406779661,55.55448869592645,92.00956695990456,79.34258296164401
AP,Amapá,Norte,16,162,156,806517.0,274.0,1.0,10.0,3.0,862.0,0.0,0.0,1.0,417.0,4.0,5123.0,6402.0,993402.0,165.969375,99.27375,0.7262500000000003,66.695625,33.09929614805693,123.17186122549184,98.28856676300686
BA,Bahia,Nordeste,415,4449,4352,14835145.0,4511.0,83.0,205.0,27.0,4236.0,39.0,4238.0,5.0,5414.0,0.0,0.0,13888.0,16485763.0,147.35077108433734,98.95443373493976,1.045566265060241,48.39633734939759,38.59684456479852,111.12640287641273,89.16190573128877
CE,Ceará,Nordeste,183,2492,2402,9257852.0,3170.0,32.0,49.0,10.0,5209.0,24.0,6102.0,1.0,335.0,0.0,0.0,11646.0,11291271.0,160.72743169398908,99.73349726775956,0.2665027322404371,60.99393442622951,39.04802332201928,121.9642634166111,92.27863007531336
DF,Distrito Federal,Centro-Oeste,1,210,199,2996899.0,647.0,0.0,0.0,6.0,4633.0,7.0,13817.0,6.0,7691.0,0.0,0.0,26141.0,2290641.0,76.43,76.43,23.569999999999997,0.0,83.29164386060938,76.43370697510994,76.43370697510994
ES,Espírito Santo,Sudeste,76,942,878,4087695.0,1126.0,36.0,73.0,11.0,3074.0,42.0,7253.0,7.0,6173.0,0.0,0.0,16500.0,4212125.0,137.3132894736842,98.00802631578946,1.9919736842105265,39.30526315789474,42.38305538511664,103.04401380239965,88.44767038636688
GO,Goiás,Centro-Oeste,243,1611,1547,7414559.0,1791.0,75.0,105.0,10.0,4135.0,58.0,24676.0,4.0,2681.0,0.0,0.0,31492.0,6706867.0,146.78847736625514,97.0497119341564,2.9502880658436217,49.738765432098766,45.0843550158742,90.45537300330336,78.41283615114534
MA,Maranhão,Nordeste,216,2380,2327,6961478.0,2680.0,10.0,30.0,14.0,2398.0,26.0,14442.0,6.0,2510.0,10.0,13724.0,33074.0,9509324.0,172.68907407407406,99.31175925925926,0.6882407407407407,73.37731481481481,36.17274392516935,136.59921068485744,91.45401307021297
MG,Minas Gerais,Sudeste,850,6137,5824,21371750.0,6667.0,158.0,184.0,37.0,9322.0,109.0,24528.0,27.0,10816.0,0.0,0.0,44666.0,24138666.0,153.8471882352941,98.6427882352941,1.357211764705882,55.2044,39.25010562660974,112.94660474692056,91.67189865125692
MS,Mato Grosso do Sul,Centro-Oeste,78,695,662,2906449.0,771.0,15.0,24.0,5.0,1484.0,35.0,13480.0,7.0,8455.0,1.0,252.0,23671.0,2811421.0,119.78794871794872,96.64692307692307,3.3530769230769226,23.14102564102564,47.04587590981647,96.73044323158604,89.9155292248376
MT,Mato Grosso,Centro-Oeste,140,1060,1039,3883342.0,1020.0,13.0,34.0,4.0,1332.0,16.0,6319.0,2.0,3461.0,1.0,29.0,11141.0,3693141.0,135.79542857142857,96.052,3.948,39.74342857142857,45.175507158925015,95.10213110254004,85.18348371068014
PA,Pará,Norte,140,1852,1823,8633179.0,2305.0,42.0,40.0,10.0,3155.0,17.0,8877.0,1.0,1698.0,157.0,446529.0,460259.0,8706259.0,125.15242857142856,94.50278571428572,5.497214285714286,30.64964285714285,52.48302964095853,100.84650161892856,88.50992201134716
PB,Paraíba,Nordeste,221,1788,1729,4140852.0,1619.0,1.0,17.0,14.0,1930.0,16.0,3104.0,3.0,3914.0,0.0,0.0,8948.0,5721823.0,171.8368778280543,99.90185520361992,0.0981447963800905,71.93502262443438,28.905313940611972,138.17984801195502,96.59340638110224
PE,Pernambuco,Nordeste,184,3012,2921,9525862.0,2922.0,38.0,58.0,18.0,3610.0,10.0,3136.0,22.0,35731.0,1.0,75.0,42552.0,10488302.0,150.64527173913044,98.16744565217392,1.8325543478260868,52.47782608695652,36.46339220474139,110.10344260708376,89.05271774879796
PI,Piauí,Nordeste,222,1276,1251,3374140.0,1400.0,0.0,7.0,5.0,999.0,7.0,3674.0,1.0,2165.0,0.0,0.0,6838.0,4925213.0,174.41882882882885,99.9563963963964,0.0436036036036036,74.46243243243244,33.48052826288589,145.9694322108745,99.51125323786208
PR,Paraná,Sul,388,2367,2280,11769887.0,2931.0,288.0,239.0,10.0,3902.0,22.0,4770.0,3.0,8682.0,0.0,0.0,17354.0,11407229.0,138.16413436692503,97.3919638242894,2.6080361757105943,40.772170542635656,48.595284261011344,96.91876396094544,84.5826642175919
RJ,Rio de Janeiro,Sudeste,88,2371,2161,16988522.0,3582.0,147.0,254.0,41.0,28743.0,16.0,7836.0,31.0,48655.0,0.0,0.0,85234.0,13546234.0,119.1355681818182,91.36056818181818,8.639431818181817,27.775,52.216818130011895,79.7375663403797,76.27252682723076
RN,Rio Grande do Norte,Nordeste,166,1135,1094,3452741.0,1228.0,21.0,25.0,4.0,435.0,9.0,2921.0,5.0,3370.0,0.0,0.0,6726.0,4407101.0,171.51644578313253,99.3706626506024,0.6293373493975903,72.14578313253013,34.50562540816054,127.6406484007923,92.34961440779948
RO,Rondônia,Norte,52,341,326,1751950.0,476.0,4.0,15.0,1.0,375.0,17.0,4769.0,1.0,4973.0,6.0,9698.0,19815.0,1732190.0,141.12,96.89,3.1099999999999994,44.23,49.35819807587049,98.87211393019209,85.40711778304176
RR,Roraima,Norte,15,168,155,738772.0,249.0,0.0,3.0,2.0,705.0,5.0,3605.0,1.0,1456.0,3.0,2696.0,8462.0,887837.0,139.018,100.0,0.0,39.018,37.29342605032261,120.17740250036547,100.0
RS,Rio Grande do Sul,Sul,460,2340,2217,10939005.0,2606.0,313.0,359.0,21.0,7457.0,58.0,31129.0,10.0,10117.0,0.0,0.0,48703.0,10659828.0,141.8848043478261,96.49904347826086,3.5009565217391305,45.38576086956522,48.06504698829211,97.44787574372624,86.85456309783203
SC,Santa Catarina,Sul,295,2057,1976,8187029.0,2527.0,56.0,105.0,9.0,3367.0,24.0,11461.0,9.0,10955.0,0.0,0.0,25783.0,9243908.0,143.6702033898305,98.6717627118644,1.3282372881355933,44.9984406779661,44.80579636453633,112.90918842476312,94.29248387907262
SE,Sergipe,Nordeste,74,592,545,2294609.0,764.0,8.0,18.0,2.0,962.0,6.0,1460.0,2.0,1646.0,0.0,0.0,4068.0,2739318.0,156.75837837837838,99.5422972972973,0.4577027027027027,57.21608108108108,42.00772626104423,119.380600355006,95.71190560134646
SP,São Paulo,Sudeste,639,5824,5517,46026182.0,7431.0,1502.0,1356.0,77.0,42846.0,123.0,94418.0,11.0,15184.0,0.0,0.0,152448.0,32348948.0,123.4985758998435,89.78186228482004,10.218137715179967,33.71671361502347,53.578354301833336,70.28379629663829,66.46261686446205
TO,Tocantins,Norte,136,458,454,1575034.0,619.0,5.0,12.0,2.0,506.0,5.0,2977.0,0.0,0.0,0.0,0.0,3483.0,2210233.0,177.24691176470589,99.89198529411765,0.1080147058823529,77.35492647058824,39.43760933492171,140.32922463896017,98.26683106523416
